index;hidden_channels;learning_rate;weight_decay;num_epochs;test_accuracy
0;16;0.001;0.0001;100;0.706
1;16;0.001;0.0001;200;0.763
2;16;0.001;0.0001;300;0.799
3;16;0.001;0.0001;500;0.815
4;16;0.001;0.0001;700;0.81
5;16;0.001;0.0005;100;0.694
6;16;0.001;0.0005;200;0.752
7;16;0.001;0.0005;300;0.794
8;16;0.001;0.0005;500;0.816
9;16;0.001;0.0005;700;0.816
10;16;0.001;0.01;100;0.457
11;16;0.001;0.01;200;0.321
12;16;0.001;0.01;300;0.265
13;16;0.001;0.01;500;0.194
14;16;0.001;0.01;700;0.174
15;16;0.001;0.05;100;0.208
16;16;0.001;0.05;200;0.175
17;16;0.001;0.05;300;0.169
18;16;0.001;0.05;500;0.166
19;16;0.001;0.05;700;0.161
20;16;0.01;0.0001;100;0.808
21;16;0.01;0.0001;200;0.817
22;16;0.01;0.0001;300;0.81
23;16;0.01;0.0001;500;0.807
24;16;0.01;0.0001;700;0.804
25;16;0.01;0.0005;100;0.819
26;16;0.01;0.0005;200;0.805
27;16;0.01;0.0005;300;0.81
28;16;0.01;0.0005;500;0.805
29;16;0.01;0.0005;700;0.803
30;16;0.01;0.01;100;0.151
31;16;0.01;0.01;200;0.148
32;16;0.01;0.01;300;0.148
33;16;0.01;0.01;500;0.148
34;16;0.01;0.01;700;0.148
35;16;0.01;0.05;100;0.063
36;16;0.01;0.05;200;0.13
37;16;0.01;0.05;300;0.319
38;16;0.01;0.05;500;0.144
39;16;0.01;0.05;700;0.319
40;16;0.05;0.0001;100;0.809
41;16;0.05;0.0001;200;0.807
42;16;0.05;0.0001;300;0.809
43;16;0.05;0.0001;500;0.811
44;16;0.05;0.0001;700;0.808
45;16;0.05;0.0005;100;0.809
46;16;0.05;0.0005;200;0.808
47;16;0.05;0.0005;300;0.807
48;16;0.05;0.0005;500;0.806
49;16;0.05;0.0005;700;0.807
50;16;0.05;0.01;100;0.151
51;16;0.05;0.01;200;0.148
52;16;0.05;0.01;300;0.149
53;16;0.05;0.01;500;0.143
54;16;0.05;0.01;700;0.147
55;16;0.05;0.05;100;0.13
56;16;0.05;0.05;200;0.103
57;16;0.05;0.05;300;0.103
58;16;0.05;0.05;500;0.144
59;16;0.05;0.05;700;0.064
60;16;0.1;0.0001;100;0.805
61;16;0.1;0.0001;200;0.806
62;16;0.1;0.0001;300;0.807
63;16;0.1;0.0001;500;0.804
64;16;0.1;0.0001;700;0.807
65;16;0.1;0.0005;100;0.805
66;16;0.1;0.0005;200;0.807
67;16;0.1;0.0005;300;0.808
68;16;0.1;0.0005;500;0.807
69;16;0.1;0.0005;700;0.815
70;16;0.1;0.01;100;0.159
71;16;0.1;0.01;200;0.175
72;16;0.1;0.01;300;0.143
73;16;0.1;0.01;500;0.165
74;16;0.1;0.01;700;0.155
75;16;0.1;0.05;100;0.091
76;16;0.1;0.05;200;0.091
77;16;0.1;0.05;300;0.144
78;16;0.1;0.05;500;0.149
79;16;0.1;0.05;700;0.064
80;16;0.2;0.0001;100;0.759
81;16;0.2;0.0001;200;0.804
82;16;0.2;0.0001;300;0.803
83;16;0.2;0.0001;500;0.805
84;16;0.2;0.0001;700;0.805
85;16;0.2;0.0005;100;0.805
86;16;0.2;0.0005;200;0.808
87;16;0.2;0.0005;300;0.805
88;16;0.2;0.0005;500;0.794
89;16;0.2;0.0005;700;0.808
90;16;0.2;0.01;100;0.152
91;16;0.2;0.01;200;0.148
92;16;0.2;0.01;300;0.144
93;16;0.2;0.01;500;0.148
94;16;0.2;0.01;700;0.202
95;16;0.2;0.05;100;0.149
96;16;0.2;0.05;200;0.103
97;16;0.2;0.05;300;0.103
98;16;0.2;0.05;500;0.064
99;16;0.2;0.05;700;0.149
100;16;0.3;0.0001;100;0.783
101;16;0.3;0.0001;200;0.801
102;16;0.3;0.0001;300;0.802
103;16;0.3;0.0001;500;0.797
104;16;0.3;0.0001;700;0.809
105;16;0.3;0.0005;100;0.804
106;16;0.3;0.0005;200;0.809
107;16;0.3;0.0005;300;0.806
108;16;0.3;0.0005;500;0.812
109;16;0.3;0.0005;700;0.809
110;16;0.3;0.01;100;0.15
111;16;0.3;0.01;200;0.148
112;16;0.3;0.01;300;0.146
113;16;0.3;0.01;500;0.172
114;16;0.3;0.01;700;0.137
115;16;0.3;0.05;100;0.091
116;16;0.3;0.05;200;0.319
117;16;0.3;0.05;300;0.091
118;16;0.3;0.05;500;0.064
119;16;0.3;0.05;700;0.149
120;32;0.001;0.0001;100;0.722
121;32;0.001;0.0001;200;0.768
122;32;0.001;0.0001;300;0.793
123;32;0.001;0.0001;500;0.803
124;32;0.001;0.0001;700;0.805
125;32;0.001;0.0005;100;0.716
126;32;0.001;0.0005;200;0.769
127;32;0.001;0.0005;300;0.798
128;32;0.001;0.0005;500;0.811
129;32;0.001;0.0005;700;0.812
130;32;0.001;0.01;100;0.483
131;32;0.001;0.01;200;0.26
132;32;0.001;0.01;300;0.204
133;32;0.001;0.01;500;0.172
134;32;0.001;0.01;700;0.157
135;32;0.001;0.05;100;0.233
136;32;0.001;0.05;200;0.189
137;32;0.001;0.05;300;0.17
138;32;0.001;0.05;500;0.159
139;32;0.001;0.05;700;0.155
140;32;0.01;0.0001;100;0.817
141;32;0.01;0.0001;200;0.805
142;32;0.01;0.0001;300;0.805
143;32;0.01;0.0001;500;0.808
144;32;0.01;0.0001;700;0.807
145;32;0.01;0.0005;100;0.803
146;32;0.01;0.0005;200;0.81
147;32;0.01;0.0005;300;0.81
148;32;0.01;0.0005;500;0.806
149;32;0.01;0.0005;700;0.808
150;32;0.01;0.01;100;0.149
151;32;0.01;0.01;200;0.148
152;32;0.01;0.01;300;0.148
153;32;0.01;0.01;500;0.148
154;32;0.01;0.01;700;0.148
155;32;0.01;0.05;100;0.13
156;32;0.01;0.05;200;0.064
157;32;0.01;0.05;300;0.149
158;32;0.01;0.05;500;0.091
159;32;0.01;0.05;700;0.319
160;32;0.05;0.0001;100;0.81
161;32;0.05;0.0001;200;0.801
162;32;0.05;0.0001;300;0.8
163;32;0.05;0.0001;500;0.809
164;32;0.05;0.0001;700;0.805
165;32;0.05;0.0005;100;0.813
166;32;0.05;0.0005;200;0.808
167;32;0.05;0.0005;300;0.806
168;32;0.05;0.0005;500;0.807
169;32;0.05;0.0005;700;0.813
170;32;0.05;0.01;100;0.149
171;32;0.05;0.01;200;0.154
172;32;0.05;0.01;300;0.154
173;32;0.05;0.01;500;0.161
174;32;0.05;0.01;700;0.146
175;32;0.05;0.05;100;0.144
176;32;0.05;0.05;200;0.144
177;32;0.05;0.05;300;0.319
178;32;0.05;0.05;500;0.091
179;32;0.05;0.05;700;0.091
180;32;0.1;0.0001;100;0.806
181;32;0.1;0.0001;200;0.806
182;32;0.1;0.0001;300;0.75
183;32;0.1;0.0001;500;0.807
184;32;0.1;0.0001;700;0.805
185;32;0.1;0.0005;100;0.805
186;32;0.1;0.0005;200;0.81
187;32;0.1;0.0005;300;0.813
188;32;0.1;0.0005;500;0.807
189;32;0.1;0.0005;700;0.803
190;32;0.1;0.01;100;0.142
191;32;0.1;0.01;200;0.152
192;32;0.1;0.01;300;0.153
193;32;0.1;0.01;500;0.14
194;32;0.1;0.01;700;0.15
195;32;0.1;0.05;100;0.13
196;32;0.1;0.05;200;0.144
197;32;0.1;0.05;300;0.319
198;32;0.1;0.05;500;0.103
199;32;0.1;0.05;700;0.091
200;32;0.2;0.0001;100;0.813
201;32;0.2;0.0001;200;0.803
202;32;0.2;0.0001;300;0.806
203;32;0.2;0.0001;500;0.804
204;32;0.2;0.0001;700;0.805
205;32;0.2;0.0005;100;0.806
206;32;0.2;0.0005;200;0.807
207;32;0.2;0.0005;300;0.805
208;32;0.2;0.0005;500;0.802
209;32;0.2;0.0005;700;0.808
210;32;0.2;0.01;100;0.151
211;32;0.2;0.01;200;0.149
212;32;0.2;0.01;300;0.145
213;32;0.2;0.01;500;0.131
214;32;0.2;0.01;700;0.148
215;32;0.2;0.05;100;0.064
216;32;0.2;0.05;200;0.091
217;32;0.2;0.05;300;0.319
218;32;0.2;0.05;500;0.064
219;32;0.2;0.05;700;0.319
220;32;0.3;0.0001;100;0.79
221;32;0.3;0.0001;200;0.802
222;32;0.3;0.0001;300;0.794
223;32;0.3;0.0001;500;0.811
224;32;0.3;0.0001;700;0.802
225;32;0.3;0.0005;100;0.814
226;32;0.3;0.0005;200;0.81
227;32;0.3;0.0005;300;0.816
228;32;0.3;0.0005;500;0.8
229;32;0.3;0.0005;700;0.804
230;32;0.3;0.01;100;0.148
231;32;0.3;0.01;200;0.148
232;32;0.3;0.01;300;0.147
233;32;0.3;0.01;500;0.143
234;32;0.3;0.01;700;0.15
235;32;0.3;0.05;100;0.13
236;32;0.3;0.05;200;0.144
237;32;0.3;0.05;300;0.064
238;32;0.3;0.05;500;0.149
239;32;0.3;0.05;700;0.13
240;64;0.001;0.0001;100;0.752
241;64;0.001;0.0001;200;0.81
242;64;0.001;0.0001;300;0.812
243;64;0.001;0.0001;500;0.809
244;64;0.001;0.0001;700;0.818
245;64;0.001;0.0005;100;0.756
246;64;0.001;0.0005;200;0.808
247;64;0.001;0.0005;300;0.82
248;64;0.001;0.0005;500;0.819
249;64;0.001;0.0005;700;0.812
250;64;0.001;0.01;100;0.335
251;64;0.001;0.01;200;0.169
252;64;0.001;0.01;300;0.165
253;64;0.001;0.01;500;0.162
254;64;0.001;0.01;700;0.151
255;64;0.001;0.05;100;0.215
256;64;0.001;0.05;200;0.19
257;64;0.001;0.05;300;0.175
258;64;0.001;0.05;500;0.172
259;64;0.001;0.05;700;0.153
260;64;0.01;0.0001;100;0.82
261;64;0.01;0.0001;200;0.81
262;64;0.01;0.0001;300;0.812
263;64;0.01;0.0001;500;0.809
264;64;0.01;0.0001;700;0.807
265;64;0.01;0.0005;100;0.816
266;64;0.01;0.0005;200;0.809
267;64;0.01;0.0005;300;0.812
268;64;0.01;0.0005;500;0.809
269;64;0.01;0.0005;700;0.807
270;64;0.01;0.01;100;0.15
271;64;0.01;0.01;200;0.148
272;64;0.01;0.01;300;0.148
273;64;0.01;0.01;500;0.148
274;64;0.01;0.01;700;0.149
275;64;0.01;0.05;100;0.091
276;64;0.01;0.05;200;0.13
277;64;0.01;0.05;300;0.319
278;64;0.01;0.05;500;0.13
279;64;0.01;0.05;700;0.091
280;64;0.05;0.0001;100;0.812
281;64;0.05;0.0001;200;0.798
282;64;0.05;0.0001;300;0.807
283;64;0.05;0.0001;500;0.805
284;64;0.05;0.0001;700;0.804
285;64;0.05;0.0005;100;0.817
286;64;0.05;0.0005;200;0.804
287;64;0.05;0.0005;300;0.816
288;64;0.05;0.0005;500;0.806
289;64;0.05;0.0005;700;0.809
290;64;0.05;0.01;100;0.149
291;64;0.05;0.01;200;0.147
292;64;0.05;0.01;300;0.153
293;64;0.05;0.01;500;0.149
294;64;0.05;0.01;700;0.152
295;64;0.05;0.05;100;0.13
296;64;0.05;0.05;200;0.144
297;64;0.05;0.05;300;0.149
298;64;0.05;0.05;500;0.103
299;64;0.05;0.05;700;0.064
300;64;0.1;0.0001;100;0.806
301;64;0.1;0.0001;200;0.805
302;64;0.1;0.0001;300;0.797
303;64;0.1;0.0001;500;0.807
304;64;0.1;0.0001;700;0.806
305;64;0.1;0.0005;100;0.808
306;64;0.1;0.0005;200;0.816
307;64;0.1;0.0005;300;0.805
308;64;0.1;0.0005;500;0.809
309;64;0.1;0.0005;700;0.806
310;64;0.1;0.01;100;0.173
311;64;0.1;0.01;200;0.143
312;64;0.1;0.01;300;0.143
313;64;0.1;0.01;500;0.181
314;64;0.1;0.01;700;0.153
315;64;0.1;0.05;100;0.103
316;64;0.1;0.05;200;0.091
317;64;0.1;0.05;300;0.319
318;64;0.1;0.05;500;0.103
319;64;0.1;0.05;700;0.064
320;64;0.2;0.0001;100;0.808
321;64;0.2;0.0001;200;0.794
322;64;0.2;0.0001;300;0.808
323;64;0.2;0.0001;500;0.803
324;64;0.2;0.0001;700;0.806
325;64;0.2;0.0005;100;0.813
326;64;0.2;0.0005;200;0.796
327;64;0.2;0.0005;300;0.804
328;64;0.2;0.0005;500;0.758
329;64;0.2;0.0005;700;0.814
330;64;0.2;0.01;100;0.152
331;64;0.2;0.01;200;0.137
332;64;0.2;0.01;300;0.141
333;64;0.2;0.01;500;0.149
334;64;0.2;0.01;700;0.124
335;64;0.2;0.05;100;0.064
336;64;0.2;0.05;200;0.144
337;64;0.2;0.05;300;0.149
338;64;0.2;0.05;500;0.091
339;64;0.2;0.05;700;0.144
340;64;0.3;0.0001;100;0.793
341;64;0.3;0.0001;200;0.803
342;64;0.3;0.0001;300;0.805
343;64;0.3;0.0001;500;0.802
344;64;0.3;0.0001;700;0.732
345;64;0.3;0.0005;100;0.807
346;64;0.3;0.0005;200;0.808
347;64;0.3;0.0005;300;0.812
348;64;0.3;0.0005;500;0.701
349;64;0.3;0.0005;700;0.809
350;64;0.3;0.01;100;0.144
351;64;0.3;0.01;200;0.145
352;64;0.3;0.01;300;0.152
353;64;0.3;0.01;500;0.177
354;64;0.3;0.01;700;0.082
355;64;0.3;0.05;100;0.103
356;64;0.3;0.05;200;0.13
357;64;0.3;0.05;300;0.144
358;64;0.3;0.05;500;0.103
359;64;0.3;0.05;700;0.091
